date,symbol,action,timestamp,entry,close,profit,percentage,result,balance
2021-06-28 0:02:12,BTC,buy,1624838532000,34554.79,33526.82,-2.974898704,-0.02974898704,end,100
2021-06-29 10:41:09,EOS,buy,1624963269000,4.1641,3.74769,-10,-0.1,stop loss,97.0251013
2021-06-29 10:42:40,LTC,buy,1624963360000,145.12,130.608,-10,-0.1,stop loss,87.32259117
2021-06-29 10:52:53,ETH,buy,1624963973000,2173.56,2336.38,7.490936528,0.07490936528,end,78.59033205
2021-06-29 10:54:13,BNB,buy,1624964053000,306.45,306.22,-0.07505302659,-0.0007505302659,end,84.47748394
2021-06-29 11:01:24,FIL,buy,1624964484000,59.48,59.47,-0.01681237391,-0.0001681237391,end,84.41408103
2021-06-29 23:56:41,BTC,buy,1625011001000,35911.72,35286.51,-1.740963674,-0.01740963674,end,84.39988902
2021-06-30 0:50:36,EOS,buy,1625014236000,4.2405,3.81645,-10,-0.1,stop loss,82.93051761
2021-06-30 4:18:48,BTC,buy,1625026728000,34755.44,34200.14,-1.597735491,-0.01597735491,end,74.63746585
2021-06-30 8:04:58,QTUM,buy,1625040298000,7.479,6.7311,-10,-0.1,stop loss,73.44495657
2021-06-30 11:23:01,ETH,buy,1625052181000,2156.33,2194.91,1.789151011,0.01789151011,end,66.10046091
2021-06-30 12:09:37,BTC,buy,1625054977000,34638.4,33468.11,-3.37859139,-0.0337859139,end,67.28309798
2021-07-02 23:10:23,SLP,buy,1625267423000,0.1478,0.16997,15,0.15,take profit,65.00987702
2021-07-03 8:00:18,BTC,buy,1625299218000,34515.25,32570.53,-5.634379006,-0.05634379006,end,74.76135858
2021-07-03 8:12:02,BAL,buy,1625299922000,22.516,25.8934,15,0.15,take profit,70.54902028
2021-07-03 8:55:26,ETC,buy,1625302526000,57.54,51.786,-10,-0.1,stop loss,81.13137333
2021-07-03 9:03:14,AAVE,buy,1625302994000,259.14,298.011,15,0.15,take profit,73.01823599
2021-07-03 11:55:37,UNI,buy,1625313337000,18.89,21.7235,15,0.15,take profit,83.97097139
2021-07-03 14:11:29,SAND,buy,1625321489000,0.26792,0.308108,15,0.15,take profit,96.5666171
2021-07-04 4:30:47,ALICE,buy,1625373047000,4.641,5.33715,15,0.15,take profit,111.0516097
2021-07-04 5:41:39,ETH,buy,1625377299000,2280.33,2052.297,-10,-0.1,stop loss,127.7093511
2021-07-04 7:27:08,CRV,buy,1625383628000,1.837,1.739,-5.334784976,-0.05334784976,end,114.938416
2021-07-05 5:20:23,GRT,buy,1625462423000,0.7704,0.69336,-10,-0.1,stop loss,108.8066987
2021-07-06 4:24:11,BNB,buy,1625545451000,315.21,313.56,-0.5234605501,-0.005234605501,end,97.92602879
2021-07-06 12:41:12,KEEP,buy,1625575272000,0.2866,0.32959,15,0.15,take profit,97.41342466
2021-07-21 12:28:51,ETH,buy,1626870531000,1899.6,2184.54,15,0.15,take profit,112.0254384
2021-07-27 9:16:41,SLP,buy,1627377401000,0.3001,0.27009,-10,-0.1,stop loss,128.8292541
2021-07-28 1:18:08,LIT,buy,1627435088000,4.0396,3.63564,-10,-0.1,stop loss,115.9463287
2021-07-28 6:30:39,BTC,buy,1627453839000,39540,40269,1.84370258,0.0184370258,end,104.3516958
2021-07-29 0:09:07,BTC,buy,1627517347000,39408.27,39327.39,-0.2052361091,-0.002052361091,end,106.2756307
2021-07-29 0:33:33,ALICE,buy,1627518813000,13.266,15.2559,15,0.15,take profit,106.0575148
2021-08-04 8:03:33,ALICE,buy,1628064213000,12.9499,11.65491,-10,-0.1,stop loss,121.966142
2021-08-04 8:07:44,SAND,buy,1628064464000,0.61343,0.61776,0.7058670101,0.007058670101,end,109.7695278
2021-08-04 8:32:50,AXS,buy,1628065970000,40.5949,46.684135,15,0.15,take profit,110.5443547
2021-08-04 23:43:10,ETH,buy,1628120590000,2724.55,3133.2325,15,0.15,take profit,127.1260079
2021-08-06 3:18:23,LTC,buy,1628219903000,146.06,167.969,15,0.15,take profit,146.1949091
2021-08-06 15:02:39,MDX,buy,1628262159000,1.288,1.3967,8.439440994,0.08439440994,end,168.1241454
2021-08-07 4:39:31,OGN,buy,1628311171000,0.8837,0.79533,-10,-0.1,stop loss,182.3128835
2021-08-07 23:43:58,ADA,buy,1628379838000,1.4726,1.69349,15,0.15,take profit,164.0815951
2021-08-08 16:23:55,BTC,buy,1628439835000,43720,46533,6.434126258,0.06434126258,end,188.6938344
2021-08-09 10:14:48,ETH,buy,1628504088000,3101.23,3222.3,3.90393489,0.0390393489,end,200.8346339
2021-08-09 13:39:25,FTT,buy,1628516365000,47.688,47.465,-0.4676228821,-0.004676228821,end,208.6750873
2021-08-09 13:57:02,1INCH,buy,1628517422000,2.617,3.00955,15,0.15,take profit,207.6992748
2021-08-09 14:20:10,EOS,buy,1628518810000,4.4819,5.154185,15,0.15,take profit,238.854166
2021-08-10 2:02:40,MANA,buy,1628560960000,0.7906,0.8406,6.32431065,0.0632431065,end,274.6822909
2021-08-10 2:52:24,GRT,buy,1628563944000,0.7269,0.835935,15,0.15,take profit,292.0540523
2021-08-10 11:49:14,EOS,buy,1628596154000,4.6459,5.342785,15,0.15,take profit,335.8621602
2021-08-10 12:09:38,BTC,buy,1628597378000,45914.35,45808,-0.2316269314,-0.002316269314,end,386.2414842
2021-08-10 12:41:23,IOTA,buy,1628599283000,0.972,1.1178,15,0.15,take profit,385.3468449
2021-08-11 4:13:29,ATOM,buy,1628655209000,14.805,15.892,7.342114151,0.07342114151,end,443.1488716
2021-08-11 11:20:21,DOGE,buy,1628680821000,0.26585,0.3057275,15,0.15,take profit,475.6853676
2021-08-12 5:56:16,LTC,buy,1628747776000,170.19,179.08,5.223573653,0.05223573653,end,547.0381728
2021-08-12 14:23:19,ALICE,buy,1628778199000,12.6544,13.3547,5.534043495,0.05534043495,end,575.6131147
2021-08-13 23:00:23,BTC,buy,1628895623000,47799.99,44705.29,-6.474269137,-0.06474269137,end,607.4677948
2021-08-15 3:06:27,ALGO,buy,1628996787000,0.9629,0.86661,-10,-0.1,stop loss,568.1386948
2021-08-15 12:00:01,TLM,buy,1629028801000,0.3299,0.29691,-10,-0.1,stop loss,511.3248253
2021-08-16 9:24:16,LINK,buy,1629105856000,29.655,26.6895,-10,-0.1,stop loss,460.1923428
2021-08-16 10:23:06,SAND,buy,1629109386000,0.68083,0.612747,-10,-0.1,stop loss,414.1731085
2021-08-16 20:59:39,LTC,buy,1629147579000,179.88,178.18,-0.9450744941,-0.009450744941,end,372.7557977
2021-08-17 2:19:49,NEAR,buy,1629166789000,3.8315,4.406225,15,0.15,take profit,369.2329777
2021-08-17 3:28:34,SUSHI,buy,1629170914000,13.348,12.0132,-10,-0.1,stop loss,424.6179244
2021-08-17 11:03:43,SOL,buy,1629198223000,70.144,63.1296,-10,-0.1,stop loss,382.1561319
2021-08-18 0:55:59,ETH,buy,1629248159000,3021.01,3248.84,7.541517572,0.07541517572,end,343.9405187
2021-08-18 13:33:13,FTM,buy,1629293593000,0.42599,0.4898885,15,0.15,take profit,369.8788534
2021-08-19 13:57:27,KSM,buy,1629381447000,320.87,307.52,-4.160563468,-0.04160563468,end,425.3606814
2021-08-19 14:04:55,1INCH,buy,1629381895000,3.3303,3.2354,-2.84959313,-0.0284959313,end,407.6632803
2021-08-20 11:22:17,ADA,buy,1629458537000,2.4842,2.85683,15,0.15,take profit,396.0465355
2021-08-21 9:26:17,MANA,buy,1629537977000,0.9277,0.83493,-10,-0.1,stop loss,455.4535158
2021-08-21 10:17:44,SAND,buy,1629541064000,0.67793,0.610137,-10,-0.1,stop loss,409.9081642
2021-08-21 10:24:50,NEAR,buy,1629541490000,4.7213,5.429495,15,0.15,take profit,368.9173478
2021-08-21 10:39:25,ATOM,buy,1629542365000,20.949,24.09135,15,0.15,take profit,424.2549499
2021-08-22 2:30:00,AVAX,buy,1629599400000,42.924,49.3626,15,0.15,take profit,487.8931924
2021-08-23 10:58:07,AVAX,buy,1629716287000,49.157,44.2413,-10,-0.1,stop loss,561.0771713
2021-08-24 0:04:43,AVAX,buy,1629763483000,45.964,52.8586,15,0.15,take profit,504.9694542
2021-08-24 0:25:06,LUNA,buy,1629764706000,32.214,28.9926,-10,-0.1,stop loss,580.7148723
2021-08-24 3:42:31,SOL,buy,1629776551000,78.242,70.4178,-10,-0.1,stop loss,522.6433851
2021-08-25 14:38:38,BNB,buy,1629902318000,503.35,467.1,-7.201748286,-0.07201748286,end,470.3790466
2021-08-25 15:07:41,ETH,buy,1629904061000,3217.17,3217.64,0.01460911298,0.0001460911298,end,436.5035316
2021-08-26 8:55:34,AVAX,buy,1629968134000,42.96,49.404,15,0.15,take profit,436.5673009
2021-08-26 10:24:38,CHR,buy,1629973478000,0.4327,0.38943,-10,-0.1,stop loss,502.0523961
2021-08-27 2:33:23,RAY,buy,1630031603000,7.598,8.7377,15,0.15,take profit,451.8471565
2021-08-27 2:43:06,SRM,buy,1630032186000,7.129,8.19835,15,0.15,take profit,519.6242299
2021-08-27 11:45:59,DOT,buy,1630064759000,25.2,28.98,15,0.15,take profit,597.5678644
2021-08-28 0:23:54,ICP,buy,1630110234000,64.85,74.5775,15,0.15,take profit,687.2030441
2021-08-28 2:33:28,RAY,buy,1630118008000,10.547,12.12905,15,0.15,take profit,790.2835007
2021-08-28 13:06:00,AUDIO,buy,1630155960000,2.731,3.14065,15,0.15,take profit,908.8260258
2021-08-28 14:19:09,NEAR,buy,1630160349000,5.563,5.513,-0.8987956139,-0.008987956139,end,1045.14993
2021-08-28 16:03:43,FTM,buy,1630166623000,0.5193,0.597195,15,0.15,take profit,1035.756168
2021-08-29 4:39:56,LUNA,buy,1630211996000,34.69,31.221,-10,-0.1,stop loss,1191.119593
2021-08-29 8:38:32,REN,buy,1630226312000,0.6522,0.75003,15,0.15,take profit,1072.007634
2021-08-30 16:05:22,C98,buy,1630339522000,4.946,4.4514,-10,-0.1,stop loss,1232.808779
2021-08-30 17:03:30,UNI,buy,1630343010000,27.17,31.2455,15,0.15,take profit,1109.527901
2021-08-30 17:05:13,BAL,buy,1630343113000,27.62,31.763,15,0.15,take profit,1275.957086
2021-08-30 18:45:49,BNB,buy,1630349149000,477.4,495.4,3.770423125,0.03770423125,end,1467.350649
2021-08-31 7:18:29,FTM,buy,1630394309000,0.8659,0.77931,-10,-0.1,stop loss,1522.675977
2021-08-31 7:42:38,DOT,buy,1630395758000,27.58,31.717,15,0.15,take profit,1370.40838
2021-08-31 16:29:37,LIT,buy,1630427377000,5.353,5.5,2.746123669,0.02746123669,end,1575.969636
2021-09-01 2:47:29,REEF,buy,1630464449000,0.02495,0.0286925,15,0.15,take profit,1619.247712
2021-09-02 14:25:48,BNB,buy,1630592748000,482.5,434.25,-10,-0.1,stop loss,1862.134868
2021-09-02 16:37:42,SOL,buy,1630600662000,123.87,142.4505,15,0.15,take profit,1675.921382
2021-09-03 1:35:09,NEAR,buy,1630632909000,5.898,6.7827,15,0.15,take profit,1927.309589
2021-09-03 9:14:09,LINK,buy,1630660449000,31.4,36.11,15,0.15,take profit,2216.406027
2021-09-03 9:56:57,LTC,buy,1630663017000,191.5,220.225,15,0.15,take profit,2548.866931
2021-09-03 10:30:20,BCH,buy,1630665020000,676.3,777.745,15,0.15,take profit,2931.196971
2021-09-04 0:04:42,FTM,buy,1630713882000,1.0398,1.19577,15,0.15,take profit,3370.876517
2021-09-04 7:43:41,ALICE,buy,1630741421000,19.51,17.559,-10,-0.1,stop loss,3876.507994
2021-09-04 8:08:27,CHR,buy,1630742907000,0.4529,0.40761,-10,-0.1,stop loss,3488.857195
2021-09-04 8:41:34,ICP,buy,1630744894000,73.23,84.2145,15,0.15,take profit,3139.971475
2021-09-04 10:48:06,YFI,buy,1630752486000,41200.62,37080.558,-10,-0.1,stop loss,3610.967196
2021-09-05 13:56:13,FLOW,buy,1630850173000,27.09,24.381,-10,-0.1,stop loss,3249.870477
2021-09-06 16:00:48,SOL,buy,1630944048000,156.23,179.6645,15,0.15,take profit,2924.883429
2021-09-06 16:34:44,FTM,buy,1630946084000,1.4368,1.65232,15,0.15,take profit,3363.615944
2021-09-06 18:07:58,RUNE,buy,1630951678000,11.788,10.6092,-10,-0.1,stop loss,3868.158335
2021-09-07 14:36:01,ETH,buy,1631025361000,3399.09,3059.181,-10,-0.1,stop loss,3481.342502
2021-09-08 8:29:32,NEAR,buy,1631089772000,8.395,9.65425,15,0.15,take profit,3133.208251
2021-09-08 11:50:03,NEAR,buy,1631101803000,10.097,9.0873,-10,-0.1,stop loss,3603.189489
2021-09-09 5:42:05,ALGO,buy,1631166125000,2.042,2.3483,15,0.15,take profit,3242.87054
2021-09-09 6:23:05,WAVES,buy,1631168585000,31.26,28.134,-10,-0.1,stop loss,3729.301121
2021-09-09 17:11:55,BNB,buy,1631207515000,427.6,384.84,-10,-0.1,stop loss,3356.371009
2021-09-10 2:26:06,IOST,buy,1631240766000,0.07954,0.071586,-10,-0.1,stop loss,3020.733908
2021-09-10 12:21:09,AVAX,buy,1631276469000,47.91,43.119,-10,-0.1,stop loss,2718.660517
2021-09-10 15:53:24,ALGO,buy,1631289204000,1.987,2.28505,15,0.15,take profit,2446.794466
2021-09-10 17:31:54,ETH,buy,1631295114000,3333.69,3539.63,6.177539003,0.06177539003,end,2813.813635
2021-09-10 18:06:23,RAY,buy,1631297183000,14.448,16.6152,15,0.15,take profit,2987.63807
2021-09-10 18:30:36,WAVES,buy,1631298636000,30.2,34.73,15,0.15,take profit,3435.783781
2021-09-11 12:00:32,AVAX,buy,1631361632000,50.14,57.661,15,0.15,take profit,3951.151348
2021-09-11 12:22:43,SRM,buy,1631362963000,12.618,11.3562,-10,-0.1,stop loss,4543.82405
2021-09-12 11:50:12,KSM,buy,1631447412000,423.9,381.51,-10,-0.1,stop loss,4089.441645
2021-09-12 13:51:37,ALGO,buy,1631454697000,2.1791,2.505965,15,0.15,take profit,3680.497481
2021-09-13 16:01:09,DOT,buy,1631548869000,35.73,34.75,-2.742793171,-0.02742793171,end,4232.572103
2021-09-13 16:27:43,LIT,buy,1631550463000,4.748,4.2732,-10,-0.1,stop loss,4116.481404
2021-09-14 5:22:12,XTZ,buy,1631596932000,7.829,7.0461,-10,-0.1,stop loss,3704.833264
2021-09-14 8:46:03,LIT,buy,1631609163000,4.715,4.2435,-10,-0.1,stop loss,3334.349937
2021-09-14 10:22:13,DYDX,buy,1631614933000,11.055,12.71325,15,0.15,take profit,3000.914944
2021-09-14 13:41:44,BAL,buy,1631626904000,25.71,29.5665,15,0.15,take profit,3451.052185
2021-09-14 16:13:40,AAVE,buy,1631636020000,384.7,346.23,-10,-0.1,stop loss,3968.710013
2021-09-15 11:58:48,BNB,buy,1631707128000,425.5,382.95,-10,-0.1,stop loss,3571.839012
2021-09-15 13:07:33,BTC,buy,1631711253000,47730.61,42957.549,-10,-0.1,stop loss,3214.65511
2021-09-15 17:35:27,SNX,buy,1631727327000,14.719,13.2471,-10,-0.1,stop loss,2893.189599
2021-09-16 16:20:05,AVAX,buy,1631809205000,66.46,59.814,-10,-0.1,stop loss,2603.870639
2021-09-16 17:00:50,SOL,buy,1631811650000,154.04,138.636,-10,-0.1,stop loss,2343.483576
2021-09-16 17:24:55,C98,buy,1631813095000,3.823,4.39645,15,0.15,take profit,2109.135218
2021-09-18 2:30:12,DYDX,buy,1631932212000,17.15,15.435,-10,-0.1,stop loss,2425.505501
2021-09-18 5:02:32,DOT,buy,1631941352000,35.19,31.671,-10,-0.1,stop loss,2182.954951
2021-09-18 14:15:56,ALGO,buy,1631974556000,2.0429,1.83861,-10,-0.1,stop loss,1964.659456
2021-09-18 17:03:31,FTT,buy,1631984611000,64.01,57.609,-10,-0.1,stop loss,1768.19351
2021-09-18 18:40:35,FTT,buy,1631990435000,64.01,57.609,-10,-0.1,stop loss,1591.374159
2021-09-19 3:34:22,BTC,buy,1632022462000,47844.88,43060.392,-10,-0.1,stop loss,1432.236743
2021-09-21 13:30:32,ETH,buy,1632231032000,3031.86,2728.674,-10,-0.1,stop loss,1289.013069
2021-09-22 15:33:06,AVAX,buy,1632324786000,67.8,77.97,15,0.15,take profit,1160.111762